Data,Train,Test
Initial 100 images,0.6875582683972014,0.693508085289422
5000 images,0.8237953638341498,0.8244803519586652
