Data,Train,Test
Initial,0.6875582683972014,0.693508085289422
Last,0.9048540604666468,0.9143623660739179
