Data,Train,Test
Initial,0.6875582683972014,0.693508085289422
Last,0.8191122343065336,0.8336039497635565
